{"cameraMode":{"drawMode":0,"name":"Shaded","section":"Shading Mode"},"sceneLighting":true,"audioPlay":false,"sceneViewState":{"m_AlwaysRefresh":false,"showFog":true,"showSkybox":true,"showFlares":true,"showImageEffects":true,"showParticleSystems":true,"showVisualEffectGraphs":true,"m_FxEnabled":true},"in2DMode":false,"pivot":{"x":0.4046839475631714,"y":0.3503338098526001,"z":1.2204562425613404},"rotation":{"x":-0.12423431128263474,"y":0.06306048482656479,"z":-0.007911929860711098,"w":-0.9902182817459106},"size":3.359318494796753,"orthographic":false}